-- mod-sod-mage: server-side spell_dbc rows. GENERATED by sod-client
-- (build_patch.py) — do not edit by hand. The 4xxxxx IDs are mirrored
-- by the consolidated client MPQ patch.
--
-- Idempotent via REPLACE / ON DUPLICATE KEY UPDATE -- never DELETEs (it
-- runs on every end-user DB). Retired ids are cleaned by hand, not here.

REPLACE INTO `spell_dbc` (`ID`, `Attributes`, `AttributesEx`, `CastingTimeIndex`, `InterruptFlags`, `ChannelInterruptFlags`, `SpellLevel`, `DurationIndex`, `PowerType`, `ManaCost`, `RangeIndex`, `EquippedItemClass`, `Effect_1`, `Effect_2`, `Effect_3`, `EffectBasePoints_1`, `ImplicitTargetA_1`, `ImplicitTargetA_2`, `ImplicitTargetA_3`, `EffectRadiusIndex_1`, `EffectAura_1`, `EffectAura_2`, `EffectAura_3`, `EffectAuraPeriod_1`, `SpellVisualID_1`, `SpellIconID`, `Name_Lang_enUS`, `Name_Lang_Mask`, `ManaCostPct`, `SchoolMask`) VALUES (401417, 0, 4, 1, 15, 31756, 0, 27, 0, 0, 5, -1, 6, 0, 0, 0, 21, 0, 0, 0, 8, 0, 0, 1000, 12657, 2047, 'Regeneration', 16712190, 28, 64);
REPLACE INTO `spell_dbc` (`ID`, `Attributes`, `AttributesEx`, `CastingTimeIndex`, `InterruptFlags`, `ChannelInterruptFlags`, `SpellLevel`, `DurationIndex`, `PowerType`, `ManaCost`, `RangeIndex`, `EquippedItemClass`, `Effect_1`, `Effect_2`, `Effect_3`, `EffectBasePoints_1`, `ImplicitTargetA_1`, `ImplicitTargetA_2`, `ImplicitTargetA_3`, `ImplicitTargetB_1`, `EffectRadiusIndex_1`, `EffectAura_1`, `EffectAura_2`, `EffectAura_3`, `EffectAuraPeriod_1`, `SpellVisualID_1`, `SpellIconID`, `Name_Lang_enUS`, `Name_Lang_Mask`, `ManaCostPct`, `SchoolMask`) VALUES (412510, 0, 4, 1, 15, 31756, 0, 27, 0, 0, 5, -1, 6, 0, 0, 0, 21, 0, 0, 37, 10, 8, 0, 0, 1000, 12657, 1967, 'Mass Regeneration', 16712190, 45, 64);
REPLACE INTO `spell_dbc` (`ID`, `DispelType`, `Attributes`, `AttributesEx`, `CastingTimeIndex`, `DurationIndex`, `PowerType`, `ManaCost`, `RangeIndex`, `EquippedItemClass`, `Effect_1`, `Effect_2`, `Effect_3`, `EffectBasePoints_1`, `ImplicitTargetA_1`, `ImplicitTargetA_2`, `ImplicitTargetA_3`, `EffectRadiusIndex_1`, `EffectAura_1`, `EffectAura_2`, `EffectAura_3`, `EffectAuraPeriod_1`, `SpellVisualID_1`, `SpellIconID`, `Name_Lang_enUS`, `Name_Lang_Mask`, `ManaCostPct`, `SchoolMask`) VALUES (400735, 1, 0, 0, 1, 9, 0, 0, 6, -1, 6, 0, 0, 7, 21, 0, 0, 0, 8, 0, 0, 1000, 37, 58, 'Temporal Beacon', 16712190, 0, 64);
REPLACE INTO `spell_dbc` (`ID`, `Attributes`, `AttributesEx`, `CastingTimeIndex`, `DurationIndex`, `PowerType`, `ManaCost`, `RangeIndex`, `EquippedItemClass`, `Effect_1`, `Effect_2`, `Effect_3`, `EffectBasePoints_1`, `ImplicitTargetA_1`, `ImplicitTargetA_2`, `ImplicitTargetA_3`, `EffectRadiusIndex_1`, `EffectAura_1`, `EffectAura_2`, `EffectAura_3`, `SpellIconID`, `Name_Lang_enUS`, `Name_Lang_Mask`, `ManaCostPct`, `SchoolMask`) VALUES (401405, 0, 0, 1, 0, 0, 0, 6, -1, 10, 0, 0, 0, 21, 0, 0, 0, 0, 0, 0, 58, 'Chronomantic Healing', 16712190, 0, 64);
REPLACE INTO `spell_dbc` (`ID`, `Attributes`, `CastingTimeIndex`, `ProcTypeMask`, `ProcChance`, `DurationIndex`, `RangeIndex`, `EquippedItemClass`, `Effect_1`, `EffectBasePoints_1`, `ImplicitTargetA_1`, `EffectAura_1`, `Name_Lang_enUS`, `Name_Lang_Mask`, `SchoolMask`) VALUES (900001, 192, 1, 69696, 100, 21, 1, -1, 6, 0, 1, 4, 'Temporal Beacon', 16712190, 64);
REPLACE INTO `spell_dbc` (`ID`, `Attributes`, `AttributesEx`, `CastingTimeIndex`, `RecoveryTime`, `CategoryRecoveryTime`, `SpellLevel`, `DurationIndex`, `PowerType`, `ManaCost`, `RangeIndex`, `EquippedItemClass`, `Effect_1`, `Effect_2`, `Effect_3`, `EffectBasePoints_1`, `ImplicitTargetA_1`, `ImplicitTargetA_2`, `ImplicitTargetA_3`, `EffectRadiusIndex_1`, `EffectAura_1`, `EffectAura_2`, `EffectAura_3`, `SpellVisualID_1`, `SpellIconID`, `Name_Lang_enUS`, `Name_Lang_Mask`, `ManaCostPct`, `StartRecoveryCategory`, `StartRecoveryTime`, `SchoolMask`) VALUES (401556, 0, 1024, 1, 30000, 0, 0, 0, 0, 0, 35, -1, 3, 0, 0, 0, 6, 0, 0, 0, 0, 0, 0, 700556, 1920, 'Living Flame', 16712190, 11, 133, 1500, 68);
REPLACE INTO `spell_dbc` (`ID`, `Attributes`, `AttributesEx`, `CastingTimeIndex`, `SpellLevel`, `DurationIndex`, `PowerType`, `ManaCost`, `RangeIndex`, `EquippedItemClass`, `Effect_1`, `Effect_2`, `Effect_3`, `EffectBasePoints_1`, `ImplicitTargetA_1`, `ImplicitTargetA_2`, `ImplicitTargetA_3`, `EffectRadiusIndex_1`, `EffectAura_1`, `EffectAura_2`, `EffectAura_3`, `SpellIconID`, `Name_Lang_enUS`, `Name_Lang_Mask`, `ManaCostPct`, `DefenseType`, `SchoolMask`) VALUES (401558, 0, 0, 1, 0, 0, 0, 0, 6, -1, 2, 0, 0, 0, 16, 0, 0, 15, 0, 0, 0, 1920, 'Living Flame', 16712190, 0, 1, 68);
REPLACE INTO `spell_dbc` (`ID`, `Attributes`, `AttributesEx`, `CastingTimeIndex`, `RecoveryTime`, `CategoryRecoveryTime`, `SpellLevel`, `DurationIndex`, `PowerType`, `ManaCost`, `RangeIndex`, `EquippedItemClass`, `Effect_1`, `Effect_2`, `Effect_3`, `EffectDieSides_2`, `EffectDieSides_3`, `EffectBasePoints_1`, `EffectBasePoints_2`, `EffectBasePoints_3`, `ImplicitTargetA_1`, `ImplicitTargetA_2`, `ImplicitTargetA_3`, `EffectRadiusIndex_1`, `EffectAura_1`, `EffectAura_2`, `EffectAura_3`, `EffectMiscValue_2`, `SpellVisualID_1`, `SpellIconID`, `Name_Lang_enUS`, `Name_Lang_Mask`, `ManaCostPct`, `StartRecoveryCategory`, `StartRecoveryTime`, `DefenseType`, `SchoolMask`) VALUES (425124, 0, 0, 1, 120000, 0, 0, 31, 0, 0, 4, -1, 2, 6, 6, 0, 0, 0, 300, 100, 6, 1, 1, 0, 0, 110, 134, 0, 7749, 2281, 'Arcane Surge', 16712190, 0, 133, 1500, 1, 64);
REPLACE INTO `spell_dbc` (`ID`, `Attributes`, `AttributesEx`, `CastingTimeIndex`, `SpellLevel`, `DurationIndex`, `PowerType`, `ManaCost`, `RangeIndex`, `Speed`, `EquippedItemClass`, `Effect_1`, `Effect_2`, `Effect_3`, `EffectBasePoints_1`, `ImplicitTargetA_1`, `ImplicitTargetA_2`, `ImplicitTargetA_3`, `EffectRadiusIndex_1`, `EffectAura_1`, `EffectAura_2`, `EffectAura_3`, `SpellVisualID_1`, `SpellIconID`, `Name_Lang_enUS`, `Name_Lang_Mask`, `ManaCostPct`, `DefenseType`, `SchoolMask`) VALUES (400574, 0, 0, 19, 0, 0, 0, 0, 4, 0, -1, 2, 0, 0, 0, 6, 0, 0, 0, 0, 0, 0, 7749, 2294, 'Arcane Burst', 16712190, 7, 1, 64);
REPLACE INTO `spell_dbc` (`ID`, `Attributes`, `AttributesEx`, `CastingTimeIndex`, `SpellLevel`, `DurationIndex`, `PowerType`, `ManaCost`, `RangeIndex`, `EquippedItemClass`, `Effect_1`, `Effect_2`, `Effect_3`, `EffectBasePoints_1`, `ImplicitTargetA_1`, `ImplicitTargetA_2`, `ImplicitTargetA_3`, `EffectRadiusIndex_1`, `EffectAura_1`, `EffectAura_2`, `EffectAura_3`, `EffectAuraPeriod_1`, `SpellIconID`, `Name_Lang_enUS`, `Name_Lang_Mask`, `ManaCostPct`, `SchoolMask`) VALUES (900003, 192, 0, 1, 0, 21, 0, 0, 1, -1, 6, 0, 0, 0, 1, 0, 0, 0, 226, 0, 0, 1000, 2294, 'Nether Vortex', 16712190, 0, 64);
REPLACE INTO `spell_dbc` (`ID`, `Attributes`, `CastingTimeIndex`, `ProcTypeMask`, `ProcChance`, `DurationIndex`, `RangeIndex`, `EquippedItemClass`, `Effect_1`, `EffectBasePoints_1`, `ImplicitTargetA_1`, `EffectAura_1`, `Name_Lang_enUS`, `Name_Lang_Mask`, `SchoolMask`) VALUES (900004, 192, 1, 69632, 100, 21, 1, -1, 6, 0, 1, 4, 'Nether Vortex', 16712190, 64);
REPLACE INTO `spell_dbc` (`ID`, `Attributes`, `AttributesEx`, `CastingTimeIndex`, `SpellLevel`, `DurationIndex`, `PowerType`, `ManaCost`, `RangeIndex`, `EquippedItemClass`, `Effect_1`, `Effect_2`, `Effect_3`, `EffectBasePoints_1`, `ImplicitTargetA_1`, `ImplicitTargetA_2`, `ImplicitTargetA_3`, `EffectRadiusIndex_1`, `EffectAura_1`, `EffectAura_2`, `EffectAura_3`, `EffectAuraPeriod_1`, `SpellIconID`, `Name_Lang_enUS`, `Name_Lang_Mask`, `ManaCostPct`, `SchoolMask`) VALUES (412324, 64, 0, 1, 0, 21, 0, 0, 1, -1, 6, 0, 0, 0, 1, 0, 0, 0, 226, 0, 0, 1000, 2121, 'Enlightenment', 16712190, 0, 64);
REPLACE INTO `spell_dbc` (`ID`, `Attributes`, `AttributesEx`, `CastingTimeIndex`, `SpellLevel`, `DurationIndex`, `PowerType`, `ManaCost`, `RangeIndex`, `EquippedItemClass`, `Effect_1`, `Effect_2`, `Effect_3`, `EffectDieSides_1`, `EffectBasePoints_1`, `ImplicitTargetA_1`, `ImplicitTargetA_2`, `ImplicitTargetA_3`, `EffectRadiusIndex_1`, `EffectAura_1`, `EffectAura_2`, `EffectAura_3`, `EffectAuraPeriod_1`, `EffectMiscValue_1`, `SpellIconID`, `Name_Lang_enUS`, `Name_Lang_Mask`, `ManaCostPct`, `SchoolMask`) VALUES (412326, 0, 0, 1, 0, 21, 0, 0, 1, -1, 6, 0, 0, 0, 10, 1, 0, 0, 0, 79, 0, 0, 0, 126, 2121, 'Enlightenment', 16712190, 0, 64);
REPLACE INTO `spell_dbc` (`ID`, `Attributes`, `AttributesEx`, `CastingTimeIndex`, `SpellLevel`, `DurationIndex`, `PowerType`, `ManaCost`, `RangeIndex`, `EquippedItemClass`, `Effect_1`, `Effect_2`, `Effect_3`, `EffectDieSides_1`, `EffectBasePoints_1`, `ImplicitTargetA_1`, `ImplicitTargetA_2`, `ImplicitTargetA_3`, `EffectRadiusIndex_1`, `EffectAura_1`, `EffectAura_2`, `EffectAura_3`, `EffectAuraPeriod_1`, `SpellIconID`, `Name_Lang_enUS`, `Name_Lang_Mask`, `ManaCostPct`, `SchoolMask`) VALUES (412325, 0, 0, 1, 0, 21, 0, 0, 1, -1, 6, 0, 0, 0, 10, 1, 0, 0, 0, 134, 0, 0, 0, 2121, 'Enlightenment', 16712190, 0, 64);

REPLACE INTO `spell_script_names` (`spell_id`, `ScriptName`) VALUES
(401417,'spell_sod_mage_regeneration'),
(412510,'spell_sod_mage_mass_regeneration'),
(400735,'spell_sod_mage_temporal_beacon'),
(900001,'spell_sod_mage_temporal_conversion'),
(401556,'spell_sod_mage_living_flame'),
(401558,'spell_sod_mage_living_flame_damage'),
(425124,'spell_sod_mage_arcane_surge'),
(400574,'spell_sod_mage_arcane_burst'),
(900003,'spell_sod_mage_arcane_blast_rune'),
(900004,'spell_sod_mage_nether_vortex'),
(412324,'spell_sod_mage_enlightenment');

REPLACE INTO `spell_bonus_data` (`entry`, `direct_bonus`, `dot_bonus`, `ap_bonus`, `ap_dot_bonus`, `comments`) VALUES (401417, 0.0, 0.55, 0.0, 0.0, 'mod-sod-mage Regeneration');
REPLACE INTO `spell_bonus_data` (`entry`, `direct_bonus`, `dot_bonus`, `ap_bonus`, `ap_dot_bonus`, `comments`) VALUES (412510, 0.0, 0.55, 0.0, 0.0, 'mod-sod-mage Mass Regeneration');
REPLACE INTO `spell_bonus_data` (`entry`, `direct_bonus`, `dot_bonus`, `ap_bonus`, `ap_dot_bonus`, `comments`) VALUES (401558, 1.0, 0.0, 0.0, 0.0, 'mod-sod-mage Living Flame');
REPLACE INTO `spell_bonus_data` (`entry`, `direct_bonus`, `dot_bonus`, `ap_bonus`, `ap_dot_bonus`, `comments`) VALUES (425124, 0.429, 0.0, 0.0, 0.0, 'mod-sod-mage Arcane Surge');
REPLACE INTO `spell_bonus_data` (`entry`, `direct_bonus`, `dot_bonus`, `ap_bonus`, `ap_dot_bonus`, `comments`) VALUES (400574, 0.714, 0.0, 0.0, 0.0, 'mod-sod-mage Arcane Burst');

REPLACE INTO `spell_proc` (`SpellId`, `SchoolMask`, `SpellFamilyName`, `SpellFamilyMask0`, `SpellFamilyMask1`, `SpellFamilyMask2`, `ProcFlags`, `SpellTypeMask`, `SpellPhaseMask`, `HitMask`, `AttributesMask`, `DisableEffectsMask`, `ProcsPerMinute`, `Chance`, `Cooldown`, `Charges`) VALUES (900001, 0, 0, 0, 0, 0, 69696, 1, 2, 0, 2, 0, 0, 0, 0, 0);
REPLACE INTO `spell_proc` (`SpellId`, `SchoolMask`, `SpellFamilyName`, `SpellFamilyMask0`, `SpellFamilyMask1`, `SpellFamilyMask2`, `ProcFlags`, `SpellTypeMask`, `SpellPhaseMask`, `HitMask`, `AttributesMask`, `DisableEffectsMask`, `ProcsPerMinute`, `Chance`, `Cooldown`, `Charges`) VALUES (900004, 0, 0, 0, 0, 0, 69632, 1, 2, 0, 2, 0, 0, 0, 0, 0);
